id,cycleId,mealTime,paketName,name,description,karbohidrat,protein,nabati,proteinTambahan,sayur,createdAt,updatedAt
"8dac08fa-5505-445e-8ed5-e8484db7fe95",1,"PAGI","Paket A","Nasi Kuning","Nasi kuning disajikan dengan telur bumbu semur, bihun goreng","Nasi Kuning","-","Bihun Goreng","Telur Bumbu Semur","-","2026-09-29T08:59:27.735","2026-09-29T08:59:27.735"
"fa0d6076-315b-464f-8b00-cc3d1d05904a",1,"PAGI","Paket B","Tim Ayam","Nasi tim dengan isian ayam suwir dan telur rebus disajikan dengan kuah kaldu","Nasi Tim","Ayam Suwir","-","Telur Rebus","-","2026-09-29T08:59:27.735","2026-09-29T08:59:27.735"
"3b998db3-bdeb-4e0f-9b6f-7c7ac7c6b780",1,"PAGI","Paket C","Bubur Sumsum","Bubur sumsum dengan kinca disajikan dengan telur rebus/telur orek","Bubur Sumsum","-","-","Telur Rebus / Telur Orek","-","2026-09-29T08:59:27.735","2026-09-29T08:59:27.735"
"b2ac7358-4b4e-4d29-8aa0-6fc23a0e2e65",1,"PAGI","Paket D","Roti Oles + Telur Rebus","Roti panggang oles dengan telur orek/telur kukus","Roti Panggang","-","-","Telur Orek / Telur Kukus","-","2026-09-29T08:59:27.735","2026-09-29T08:59:27.735"
"9d625122-c9fe-4ca9-9331-1292751c4624",1,"SIANG","Paket A","Ayam Ptg Bumbu Opor","Kuah, bistik tahu, tumis cistel jagung manis","Nasi Putih","Ayam Potong Bumbu Opor","Bistik Tahu","-","Tumis Cistel Jagung Manis","2026-09-29T08:59:27.735","2026-09-29T08:59:27.735"
"063a1c3d-637d-42b8-9b85-25c5f71b55d8",1,"SIANG","Paket B","Udang Bakar Madu","Udang bakar yang dibaluri saus madu disajikan dengan nasi dan sayuran","Nasi Putih","Udang Bakar Madu","-","-","Mix Sayuran","2026-09-29T08:59:27.735","2026-09-29T08:59:27.735"
"ca4c3ee2-455b-426c-a3b3-570b3e8f97d3",1,"SIANG","Paket C","Mashed Potato + Omelette","Telur dengan isian smoked beef, keju, susu yang disajikan dengan kentang mashed","Mashed Potato","Smoked Beef","-","Omelette (Telur, Keju, Susu)","-","2026-09-29T08:59:27.735","2026-09-29T08:59:27.735"
"1a80d1de-1b60-4277-b1ed-2086b27a9e87",1,"SORE","Paket A","Beef Teriyaki","Disajikan dengan sup wortel labu, tempe kuning","Nasi Putih","Beef Teriyaki","Tempe Kuning","-","Sup Wortel Labu","2026-09-29T08:59:27.735","2026-09-29T08:59:27.735"
"fdcd3ee7-1676-4d49-b279-c658c5a9d3c4",1,"SORE","Paket B","Spaghetti Bolognesse","Spaghetti pasta dengan saus bolognesse","Spaghetti","Daging Sapi (Bolognesse)","-","-","-","2026-09-29T08:59:27.735","2026-09-29T08:59:27.735"
"d2929488-d1b6-4911-bf68-8a57853e9343",1,"SORE","Paket C","Misoa Yamin Baso","Misoa dibaluri saus kecap dengan bakso dan ayam suwir","Misoa","Bakso, Ayam Suwir","-","-","-","2026-09-29T08:59:27.735","2026-09-29T08:59:27.735"
"e49a1afc-3aca-41e8-81c1-f3751132e684",2,"PAGI","Paket A","Soto Betawi","Nasi dengan kuah soto betawi isi daging sapi, kentang, wortel","Nasi Putih","Daging Sapi","-","-","Wortel, Kentang","2026-09-29T08:59:27.874","2026-09-29T08:59:27.874"
"9610177b-86eb-4ffb-8ae7-ff094f991fb6",2,"PAGI","Paket B","Bubur Kuah Soto","Bubur nasi dengan kuah kari isian daging sapi dadu, telur rebus, dan sayuran","Bubur Nasi","Daging Sapi Dadu","-","Telur Rebus","Mix Sayuran","2026-09-29T08:59:27.874","2026-09-29T08:59:27.874"
"12f5435e-c493-49a3-8d8f-9e404f102e28",2,"PAGI","Paket C","Bubur Sumsum","Bubur sumsum dengan kinca disajikan dengan telur rebus/telur orek","Bubur Sumsum","-","-","Telur Rebus / Telur Orek","-","2026-09-29T08:59:27.874","2026-09-29T08:59:27.874"
"3f950321-942f-4f37-b6a2-7286f9683c52",2,"PAGI","Paket D","Oatmeal","Bubur oatmeal disajikan dengan potongan pisang dan raisin","Oatmeal","-","-","-","-","2026-09-29T08:59:27.874","2026-09-29T08:59:27.874"
"6ea43e41-b0fc-4c1f-9e21-bb37ad845a6b",2,"PAGI","Paket E","Roti Oles + Telur Rebus","Roti panggang oles dengan telur orek/telur kukus","Roti Panggang","-","-","Telur Orek / Telur Kukus","-","2026-09-29T08:59:27.874","2026-09-29T08:59:27.874"
"3f16259f-7638-4757-8cec-31c78c1cc13c",2,"SIANG","Paket A","Dori Krispi Green SC","Disajikan dengan bistik tempe, capcay","Nasi Putih","Ikan Dori Krispi","Bistik Tempe","-","Capcay","2026-09-29T08:59:27.874","2026-09-29T08:59:27.874"
"2dad886d-f3b5-49d0-a67a-75c12105696c",2,"SIANG","Paket B","Sop Iga","Sop iga dengan isian wortel kentang disajikan dengan nasi","Nasi Putih","Iga Sapi","-","-","Wortel, Kentang","2026-09-29T08:59:27.874","2026-09-29T08:59:27.874"
"4a05b3e2-1c99-44ed-baeb-005ec78182a8",2,"SIANG","Paket C","Oni Squid","Nasi kepal yang disajikan dengan cumi dan sayuran","Nasi Kepal","Cumi","-","-","Mix Sayuran","2026-09-29T08:59:27.874","2026-09-29T08:59:27.874"
"8d3143fd-fdf7-4f6e-a187-e1b4b4487f1b",2,"SORE","Paket A","Ayam Potong Kemangi","Disajikan dengan perkedel tahu, sup kepiting","Nasi Putih","Ayam Potong Kemangi","Perkedel Tahu","-","Sup Kepiting","2026-09-29T08:59:27.874","2026-09-29T08:59:27.874"
"77bbe54d-82e9-4520-8107-84a92a7e7b17",2,"SORE","Paket B","Chicken Parmiganna","Ayam fillet dengan perpaduan saus bechamel dan saus bbq, mix veggie, nasi, french fries, mashed potato","Nasi / Mashed Potato / French Fries","Chicken Fillet Parmiganna","-","-","Mix Veggie","2026-09-29T08:59:27.874","2026-09-29T08:59:27.874"
"234420d4-b048-465e-81be-ff0c9edb6ce9",2,"SORE","Paket C","Cream Soup + Crouton","Cream soup dengan isian mix veggie, smoked beef dan jamur kancing disajikan dengan roti panggang","Roti Panggang (Crouton)","Smoked Beef","-","-","Mix Veggie, Jamur Kancing","2026-09-29T08:59:27.874","2026-09-29T08:59:27.874"
"89ff73af-0857-4484-9f55-a0a92318b933",3,"PAGI","Paket A","Nasi Hainan","Nasi dengan bumbu hainan disajikan dengan ayam panggang dan kuah kaldu","Nasi Hainan","Ayam Panggang","-","-","-","2026-09-29T08:59:28.001","2026-09-29T08:59:28.001"
"8d0e0bff-d4df-48c1-9fe5-40bd5b7c48ba",3,"PAGI","Paket B","Tim Hainan","Nasi tim dengan isian ayam suwir dan telur rebus disajikan dengan kuah kaldu","Nasi Tim","Ayam Suwir","-","Telur Rebus","-","2026-09-29T08:59:28.001","2026-09-29T08:59:28.001"
"0a140690-c623-442c-8aba-d95bddc21c0b",3,"PAGI","Paket C","Bubur Ayam","Bubur nasi dengan isian ayam suwir dan telur rebus disajikan dengan kuah kaldu","Bubur Nasi","Ayam Suwir","-","Telur Rebus","-","2026-09-29T08:59:28.001","2026-09-29T08:59:28.001"
"c58379bd-1d23-468a-a43d-fc70b3c616a0",3,"PAGI","Paket D","Bubur Sumsum","Bubur sumsum dengan kinca disajikan dengan telur rebus/telur orek","Bubur Sumsum","-","-","Telur Rebus / Telur Orek","-","2026-09-29T08:59:28.001","2026-09-29T08:59:28.001"
"bff864fd-b5ce-412d-9d1d-76e28601e007",3,"PAGI","Paket E","Cream Soup + Crouton","Soup creamy dengan isian sayuran dan smoked beef disajikan dengan roti panggang","Roti Panggang (Crouton)","Smoked Beef","-","-","Mix Sayuran","2026-09-29T08:59:28.001","2026-09-29T08:59:28.001"
"dfc4872b-aaa1-4de6-b961-fab10504eef7",3,"SIANG","Paket A","Dendeng Sapi","Disajikan dengan perkedel jagung/perkedel tempe, sayur asem","Nasi Putih","Dendeng Sapi","Perkedel Tempe","Perkedel Jagung","Sayur Asem","2026-09-29T08:59:28.001","2026-09-29T08:59:28.001"
"c75d1129-5733-4c7f-ab6e-a11d60c33327",3,"SIANG","Paket B","Chicken Steak","Ayam panggang disajikan dengan saus bbq dan mix veggie, nasi, french fries, mashed potato","Nasi / Mashed Potato / French Fries","Chicken Steak","-","-","Mix Veggie","2026-09-29T08:59:28.001","2026-09-29T08:59:28.001"
"5ca46a36-f335-4cef-87ee-16ea94fabf78",3,"SIANG","Paket C","Misoa Kuah Baso","Misoa disajikan dengan bakso dan ayam suwir","Misoa","Bakso, Ayam Suwir","-","-","-","2026-09-29T08:59:28.001","2026-09-29T08:59:28.001"
"d30303d1-78fa-4fa1-a9b5-df8ca031aa39",3,"SORE","Paket A","Ayam Goreng Lengkuas","Disajikan dengan sup tahu, tumis wortel brokoli toge","Nasi Putih","Ayam Goreng Lengkuas","Sup Tahu","-","Tumis Wortel Brokoli Toge","2026-09-29T08:59:28.001","2026-09-29T08:59:28.001"
"a2553f38-7824-4bf4-811d-1cc8ca32bc2b",3,"SORE","Paket B","Farfalle Chicken Alfredo","Pasta farfalle saus alfredo disajikan dengan chicken breast dan mixed veggie","Pasta Farfalle","Chicken Breast","-","-","Mixed Veggie","2026-09-29T08:59:28.001","2026-09-29T08:59:28.001"
"1d18949d-3034-451e-85c4-dc57075ceff0",3,"SORE","Paket C","Mashed Potato + Omelette","Telur dengan isian smoked beef, keju, susu yang disajikan dengan kentang mashed","Mashed Potato","Smoked Beef","-","Omelette (Telur, Keju, Susu)","-","2026-09-29T08:59:28.001","2026-09-29T08:59:28.001"
"7a84c227-c85a-40b6-b3b9-fbef3915ed1f",4,"PAGI","Paket A","Nasi Centil","Nasi yang disajikan dengan daging sapi dan tahu putih","Nasi Putih","Daging Sapi","Tahu Putih","-","-","2026-09-29T08:59:28.128","2026-09-29T08:59:28.128"
"1204f73b-92d1-46aa-9f02-2c5579e92c0d",4,"PAGI","Paket B","Tim Centil","Tim yang disajikan dengan daging sapi dan tahu putih","Nasi Tim","Daging Sapi","Tahu Putih","-","-","2026-09-29T08:59:28.128","2026-09-29T08:59:28.128"
"e1a58a32-f5a4-4692-989f-5ede8b603b66",4,"PAGI","Paket C","Bubur Centil","Bubur yang disajikan dengan daging sapi dan tahu putih","Bubur Nasi","Daging Sapi","Tahu Putih","-","-","2026-09-29T08:59:28.128","2026-09-29T08:59:28.128"
"00c565bc-8276-4c95-8658-03faf2784405",4,"PAGI","Paket D","Oatmeal","Bubur oatmeal disajikan dengan potongan pisang dan raisin","Oatmeal","-","-","-","-","2026-09-29T08:59:28.128","2026-09-29T08:59:28.128"
"53a73f0f-102f-4753-b120-5292a3245313",4,"PAGI","Paket E","Bubur Sumsum","Bubur sumsum dengan kinca disajikan dengan telur rebus/telur orek","Bubur Sumsum","-","-","Telur Rebus / Telur Orek","-","2026-09-29T08:59:28.128","2026-09-29T08:59:28.128"
"0ccd786f-4f1f-4621-85e8-80486c11c2ad",4,"SIANG","Paket A","Telur Ceplok Bumbu Kari","Disajikan dengan tempe masak bombay, cah sayur","Nasi Putih","-","Tempe Masak Bombay","Telur Ceplok Bumbu Kari","Cah Sayur","2026-09-29T08:59:28.128","2026-09-29T08:59:28.128"
"26f4d927-2a90-46ca-aa0f-8deeb097f735",4,"SIANG","Paket B","Ayam Madu","Ayam fillet saus madu disajikan dengan mix veggie dan nasi","Nasi Putih","Ayam Fillet Saus Madu","-","-","Mix Veggie","2026-09-29T08:59:28.128","2026-09-29T08:59:28.128"
"e922c700-2a5b-44e6-a468-b79909fd0a0e",4,"SIANG","Paket C","Misoa Yamin Baso","Misoa dibaluri saus kecap dengan bakso dan ayam suwir","Misoa","Bakso, Ayam Suwir","-","-","-","2026-09-29T08:59:28.128","2026-09-29T08:59:28.128"
"a01091c7-a0a4-480d-b1e2-961ba984954d",4,"SORE","Paket A","Ayam Fillet Barbeque","Disajikan dengan rolade tahu, sup bakso ikan","Nasi Putih","Ayam Fillet BBQ","Rolade Tahu","Bakso Ikan","-","2026-09-29T08:59:28.128","2026-09-29T08:59:28.128"
"8dd0dab4-ed8d-42a0-9b32-ef6da0a44fee",4,"SORE","Paket B","Ifumi","Mie kering dengan isian udang dan sayuran","Ifumi (Mie Kering)","Udang","-","-","Mix Sayuran","2026-09-29T08:59:28.128","2026-09-29T08:59:28.128"
"d1062b70-70ac-456d-ab36-d7a579354d8a",4,"SORE","Paket C","Mashed Omelette","Telur dengan isian smoked beef, keju, susu yang disajikan dengan kentang mashed","Mashed Potato","Smoked Beef","-","Omelette (Telur, Keju, Susu)","-","2026-09-29T08:59:28.128","2026-09-29T08:59:28.128"
"28d4d40c-b966-43bd-9c08-0f070181e764",5,"PAGI","Paket A","Chicken Teriyaki","Nasi disajikan dengan ayam bumbu teriyaki dan cah tahu wortel brokoli","Nasi Putih","Ayam Teriyaki","Tahu","-","Cah Wortel Brokoli","2026-09-29T08:59:28.253","2026-09-29T08:59:28.253"
"783fddde-c9af-48c5-ab86-01bc5540a8b4",5,"PAGI","Paket B","Bubur Sumsum","Bubur sumsum dengan kinca disajikan dengan telur rebus/telur orek","Bubur Sumsum","-","-","Telur Rebus / Telur Orek","-","2026-09-29T08:59:28.253","2026-09-29T08:59:28.253"
"e9042525-41a6-484c-9b13-a4787e20c1cd",5,"PAGI","Paket C","Roti Oles + Telur","Roti panggang oles dengan telur orek/telur kukus","Roti Panggang","-","-","Telur Orek / Telur Kukus","-","2026-09-29T08:59:28.253","2026-09-29T08:59:28.253"
"789542b3-a8fd-46de-8c71-68d065177a11",5,"SIANG","Paket A","Soto Bandung","Disajikan dengan pepes tahu","Nasi Putih","Daging Sapi (Soto)","Pepes Tahu","-","-","2026-09-29T08:59:28.253","2026-09-29T08:59:28.253"
"aa46c973-96e6-46a6-98a5-da9d6c3119df",5,"SIANG","Paket B","Chicken Attahat","Ayam fillet yang disajikan dengan pasta dan mixed veggie","Pasta","Chicken Fillet","-","-","Mixed Veggie","2026-09-29T08:59:28.253","2026-09-29T08:59:28.253"
"ca0c9596-d6bf-4879-90b0-94b80f33fd23",5,"SIANG","Paket C","Mashed Omelette","Telur dengan isian smoked beef, keju, susu yang disajikan dengan kentang mashed","Mashed Potato","Smoked Beef","-","Omelette (Telur, Keju, Susu)","-","2026-09-29T08:59:28.253","2026-09-29T08:59:28.253"
"6d1cf38a-4d4b-4faa-b1aa-ece717e43cf0",5,"SORE","Paket A","Dori Steak Bechamel Sauce","Disajikan dengan tempe bistik, sup oyong miesoa","Nasi Putih","Ikan Dori Steak","Tempe Bistik","-","Sup Oyong Miesoa","2026-09-29T08:59:28.253","2026-09-29T08:59:28.253"
"32579abe-e4e5-4c40-9f1b-7309a9ca008e",5,"SORE","Paket B","Risotto","Nasi dengan isian jamur kancing, smoked beef, ayam suwir dan keju","Risotto (Nasi)","Smoked Beef, Ayam Suwir","-","Keju","Jamur Kancing","2026-09-29T08:59:28.253","2026-09-29T08:59:28.253"
"246b51cc-78cd-48f2-868a-8e165c8c0719",5,"SORE","Paket C","Misoa Yamin Baso","Misoa bumbu saus kecap dengan bakso dan ayam suwir","Misoa","Bakso, Ayam Suwir","-","-","-","2026-09-29T08:59:28.253","2026-09-29T08:59:28.253"
"22061fad-5057-4a7c-9f35-0b2ddbc1a5d5",6,"PAGI","Paket A","Baked Rice","Nasi yang disajikan dengan ayam fillet panggang yang dibaluri saus demi glace dan mix veggie","Nasi Putih (Baked)","Ayam Fillet Panggang","-","-","Mix Veggie","2026-09-29T08:59:28.385","2026-09-29T08:59:28.385"
"17bb68d7-55de-4a1a-920d-136657f986be",6,"PAGI","Paket B","Tim Daging Cincang","Nasi tim dengan isian tumis daging cincang dan telur rebus disajikan dengan kuah kaldu","Nasi Tim","Daging Cincang","-","Telur Rebus","-","2026-09-29T08:59:28.385","2026-09-29T08:59:28.385"
"967aa5c0-194f-470f-a86b-ba4e505b75b6",6,"PAGI","Paket C","Bubur Ayam","Bubur nasi dengan isian ayam suwir dan telur rebus disajikan dengan kuah kaldu","Bubur Nasi","Ayam Suwir","-","Telur Rebus","-","2026-09-29T08:59:28.385","2026-09-29T08:59:28.385"
"1cecf03c-c364-47f9-a8c3-389fe9915ecd",6,"PAGI","Paket D","Bubur Sumsum","Bubur sumsum dengan kinca disajikan dengan telur rebus/telur orek","Bubur Sumsum","-","-","Telur Rebus / Telur Orek","-","2026-09-29T08:59:28.385","2026-09-29T08:59:28.385"
"b3368fce-7b8a-45c7-acb7-ac7097f9fb7a",6,"PAGI","Paket E","Cream Soup + Crouton","Soup creamy dengan isian sayuran dan smoked beef disajikan dengan roti panggang","Roti Panggang (Crouton)","Smoked Beef","-","-","Mix Sayuran","2026-09-29T08:59:28.385","2026-09-29T08:59:28.385"
"aa9372a1-3b03-4ea7-a903-fab235d78188",6,"SIANG","Paket A","Fuyunghai","Disajikan dengan tempe teriyaki, sayur asem","Nasi Putih","-","Tempe Teriyaki","Fuyunghai (Telur Dadar Isi)","Sayur Asem","2026-09-29T08:59:28.385","2026-09-29T08:59:28.385"
"73868a78-6b83-4c6a-b51d-53f7a8096d83",6,"SIANG","Paket B","Chicken Funghi","Chicken roll isian keju dan jamur saus bbq disajikan dengan sayuran, nasi, french fries, mashed potato","Nasi / French Fries / Mashed Potato","Chicken Roll (Keju, Jamur)","-","Keju","Mix Sayuran","2026-09-29T08:59:28.385","2026-09-29T08:59:28.385"
"d1bbbe90-760b-481f-af41-48a9a7726170",6,"SIANG","Paket C","Misoa Kuah Baso","Misoa disajikan dengan bakso dan ayam suwir","Misoa","Bakso, Ayam Suwir","-","-","-","2026-09-29T08:59:28.385","2026-09-29T08:59:28.385"
"3b83107c-a738-4974-8e71-acb5165ee64b",6,"SORE","Paket A","Ayam Potong Kecap","Disajikan dengan bola-bola tahu panggang, tumis kimlo","Nasi Putih","Ayam Potong Kecap","Bola-bola Tahu Panggang","-","Tumis Kimlo","2026-09-29T08:59:28.385","2026-09-29T08:59:28.385"
"dd4d2dac-6506-4038-b381-d59db3ecf7bb",6,"SORE","Paket B","Semur Daging","Daging sapi dengan isian wortel kentang disajikan dengan nasi","Nasi Putih","Daging Sapi Semur","-","-","Wortel, Kentang","2026-09-29T08:59:28.385","2026-09-29T08:59:28.385"
"1242b985-11f4-4114-906b-d26cb3d998ef",6,"SORE","Paket C","Mashed Omelette","Telur dengan isian smoked beef, keju, susu yang disajikan dengan kentang mashed","Mashed Potato","Smoked Beef","-","Omelette (Telur, Keju, Susu)","-","2026-09-29T08:59:28.385","2026-09-29T08:59:28.385"
"2604d284-0088-4647-8bf1-f964e4b9e617",6,"SORE","Paket D","Pangsit Seafood","Pangsit isi kuah udang disajikan dengan bihun, udang dan sayuran","Pangsit, Bihun","Udang","-","-","Mix Sayuran","2026-09-29T08:59:28.385","2026-09-29T08:59:28.385"
"e69bcf19-ce5f-44c4-8adc-be086fb9d651",7,"PAGI","Paket A","Nasi Aromatic","Nasi dengan rempah daun jeruk disajikan dengan tumis ayam, jamur","Nasi Aromatic","Tumis Ayam","-","-","Jamur","2026-09-29T08:59:28.512","2026-09-29T08:59:28.512"
"f0a02677-3487-4560-bbb2-8951e125c2ba",7,"PAGI","Paket B","Tim Aromatic","Nasi tim dengan rempah daun jeruk disajikan dengan sautee ayam","Nasi Tim Aromatic","Sautee Ayam","-","-","-","2026-09-29T08:59:28.512","2026-09-29T08:59:28.512"
"493dd8a5-caa1-496d-a56c-19d1f2f72ef9",7,"PAGI","Paket C","Bubur Ayam","Bubur nasi dengan isian ayam suwir dan telur rebus disajikan dengan kuah kaldu","Bubur Nasi","Ayam Suwir","-","Telur Rebus","-","2026-09-29T08:59:28.512","2026-09-29T08:59:28.512"
"3c370155-96d9-4710-80c2-64cf450ded44",7,"PAGI","Paket D","Bubur Sumsum","Bubur sumsum dengan kinca disajikan dengan telur rebus/telur orek","Bubur Sumsum","-","-","Telur Rebus / Telur Orek","-","2026-09-29T08:59:28.512","2026-09-29T08:59:28.512"
"8c886243-74e9-4fcc-9aef-ff5f0ae664eb",7,"PAGI","Paket E","Roti Oles + Telur Rebus","Roti panggang oles dengan telur orek/telur kukus","Roti Panggang","-","-","Telur Orek / Telur Kukus","-","2026-09-29T08:59:28.512","2026-09-29T08:59:28.512"
"157f06aa-d570-4008-87e7-c2be0ef82ae0",7,"SIANG","Paket A","Beef Yakiniku","Disajikan dengan cah tahu, pakcoy garlic","Nasi Putih","Beef Yakiniku","Cah Tahu","-","Pakcoy Garlic","2026-09-29T08:59:28.512","2026-09-29T08:59:28.512"
"24f3e99b-d72c-4b23-8e78-4357d3140231",7,"SIANG","Paket B","Curry Katsu","Ayam katsu dibaluri saus kari disajikan dengan nasi","Nasi Putih","Ayam Katsu Kari","-","-","-","2026-09-29T08:59:28.512","2026-09-29T08:59:28.512"
"9409c4bf-3016-424b-bee4-c6a5428640e2",7,"SIANG","Paket C","Spaghetti Carbonara","Spaghetti dengan saus carbonara","Spaghetti","Smoked Beef (Carbonara)","-","Keju, Telur (Carbonara)","-","2026-09-29T08:59:28.512","2026-09-29T08:59:28.512"
"4fba4d77-f31f-4089-86d5-de9bbb9cbcb9",7,"SORE","Paket A","Arsik Ikan","Disajikan dengan tempe bacem, sup sayur kuah kental","Nasi Putih","Arsik Ikan","Tempe Bacem","-","Sup Sayur Kuah Kental","2026-09-29T08:59:28.512","2026-09-29T08:59:28.512"
"42557c3d-9581-4071-8519-27ff71c3018e",7,"SORE","Paket B","Misoa Yamin Baso","Misoa dibaluri saus kecap dengan bakso dan ayam suwir","Misoa","Bakso, Ayam Suwir","-","-","-","2026-09-29T08:59:28.512","2026-09-29T08:59:28.512"
"d1cacfd4-8a3d-4dd0-836b-bb1ad1f6d7a4",7,"SORE","Paket C","Soto Lamongan","Soto kuning dengan isian tauge, ayam, telur disajikan dengan nasi","Nasi Putih","Ayam Suwir","-","Telur","Tauge","2026-09-29T08:59:28.512","2026-09-29T08:59:28.512"
"39fe92e6-cb01-44be-8425-ad409b27d335",7,"SORE","Paket D","Chicken Salsa","Chicken breast salsa sauce disajikan dengan nasi dan sayuran","Nasi Putih","Chicken Breast Salsa","-","-","Mix Sayuran","2026-09-29T08:59:28.512","2026-09-29T08:59:28.512"
"df274186-09ff-4506-8479-3bd310796f3b",8,"PAGI","Paket A","Nasi Uduk","Cond: telur dadar iris, abon, tempe orek","Nasi Uduk","Abon","Tempe Orek","Telur Dadar Iris","-","2026-09-29T08:59:28.642","2026-09-29T08:59:28.642"
"4d39ed0d-6987-4fb2-9f57-f49802c7bba2",8,"PAGI","Paket B","Tim Ayam","Nasi tim dengan isian ayam suwir dan telur rebus disajikan dengan kuah kaldu","Nasi Tim","Ayam Suwir","-","Telur Rebus","-","2026-09-29T08:59:28.642","2026-09-29T08:59:28.642"
"713edf54-171e-4692-b4a2-0e9f809d9eeb",8,"PAGI","Paket C","Bubur Sumsum","Bubur sumsum dengan kinca disajikan dengan telur rebus/telur orek","Bubur Sumsum","-","-","Telur Rebus / Telur Orek","-","2026-09-29T08:59:28.642","2026-09-29T08:59:28.642"
"60062a74-33d5-483e-87d5-153ab9cc3a46",8,"PAGI","Paket D","Cream Soup + Crouton","Soup creamy dengan isian sayuran dan smoked beef disajikan dengan roti panggang","Roti Panggang (Crouton)","Smoked Beef","-","-","Mix Sayuran","2026-09-29T08:59:28.642","2026-09-29T08:59:28.642"
"7e6f7394-7978-464f-a40a-770af8a7165c",8,"SIANG","Paket A","Ikan Tumis Wijen","Rolade tahu, bobor bayam","Nasi Putih","Ikan Tumis Wijen","Rolade Tahu","-","Bobor Bayam","2026-09-29T08:59:28.642","2026-09-29T08:59:28.642"
"57b9d31a-d3c0-45e1-a27f-e3f72a75453b",8,"SIANG","Paket B","Chicken Schnitzel","Disajikan dengan french fries, mashed potato, nasi","Nasi / French Fries / Mashed Potato","Chicken Schnitzel","-","-","-","2026-09-29T08:59:28.642","2026-09-29T08:59:28.642"
"07b56db2-70f5-4623-8088-4642cc882608",8,"SIANG","Paket C","Misoa Kuah Baso","Misoa disajikan dengan bakso dan ayam suwir","Misoa","Bakso, Ayam Suwir","-","-","-","2026-09-29T08:59:28.642","2026-09-29T08:59:28.642"
"271b9f9a-650a-449d-94a3-fc69996c8360",8,"SORE","Paket A","Dadar Telur","Tempe kecap, tumis labu siam, wortel","Nasi Putih","-","Tempe Kecap","Dadar Telur","Tumis Labu Siam, Wortel","2026-09-29T08:59:28.642","2026-09-29T08:59:28.642"
"6f48f77b-081e-4266-91dd-b3c569c8fd4c",8,"SORE","Paket B","Tomyum","Miesoa kuah tomyum disajikan dengan udang","Miesoa","Udang","-","-","Mix Sayuran (Tomyum)","2026-09-29T08:59:28.642","2026-09-29T08:59:28.642"
"4c9c43d0-a7c7-4312-a8f3-db535f9ce853",8,"SORE","Paket C","Mashed Omelette","Telur dengan isian smoked beef, keju, susu yang disajikan dengan kentang mashed","Mashed Potato","Smoked Beef","-","Omelette (Telur, Keju, Susu)","-","2026-09-29T08:59:28.642","2026-09-29T08:59:28.642"
"ffe0255c-f5fc-43d7-9163-1c2af923a5f0",9,"PAGI","Paket A","Nasi Kebuli","Nasi dengan isian daging cincang, kismis, bumbu rempah disajikan telur iris dan kerupuk palembang","Nasi Kebuli","Daging Cincang","-","Telur Iris","-","2026-09-29T08:59:29.227","2026-09-29T08:59:29.227"
"aab4b69f-7d27-4915-a09d-8d5035742ba4",9,"PAGI","Paket B","Tim Hainan","Nasi tim dengan isian ayam suwir dan telur rebus disajikan dengan kuah kaldu","Nasi Tim","Ayam Suwir","-","Telur Rebus","-","2026-09-29T08:59:29.227","2026-09-29T08:59:29.227"
"1d8953f5-fb62-434b-812c-07df8608bd5b",9,"PAGI","Paket C","Bubur Nasi","Bubur nasi dengan isian ayam suwir dan telur rebus disajikan dengan kuah kaldu","Bubur Nasi","Ayam Suwir","-","Telur Rebus","-","2026-09-29T08:59:29.227","2026-09-29T08:59:29.227"
"9a6788c1-231d-4bc9-b19f-78d84715e1bc",9,"PAGI","Paket D","Bubur Sumsum","Bubur sumsum dengan kinca disajikan dengan telur rebus/telur orek","Bubur Sumsum","-","-","Telur Rebus / Telur Orek","-","2026-09-29T08:59:29.227","2026-09-29T08:59:29.227"
"1f17abf7-701b-4e40-bee4-7cd743c93232",9,"PAGI","Paket E","Cream Soup + Crouton","Soup creamy dengan isian sayuran dan smoked beef disajikan dengan roti panggang","Roti Panggang (Crouton)","Smoked Beef","-","-","Mix Sayuran","2026-09-29T08:59:29.227","2026-09-29T08:59:29.227"
"29c58547-1d6c-4b60-bb1c-0d57ff719fe0",9,"SIANG","Paket A","Rolade Ayam","Disajikan dengan sup tahu isi, tumis sayuran","Nasi Putih","Rolade Ayam","Sup Tahu Isi","-","Tumis Sayuran","2026-09-29T08:59:29.227","2026-09-29T08:59:29.227"
"0736ebb8-c3b0-4932-9995-c78bfb2186d6",9,"SIANG","Paket B","Fettucini with Mushroom Sauce","Fettucini dengan saus mushroom","Pasta Fettucini","-","-","-","Jamur (Mushroom Sauce)","2026-09-29T08:59:29.227","2026-09-29T08:59:29.227"
"3bdd9b3f-088c-4192-861c-fd3e6f5eda6f",9,"SIANG","Paket C","Mashed Omelette","Telur dengan isian smoked beef, keju, susu yang disajikan dengan kentang mashed","Mashed Potato","Smoked Beef","-","Omelette (Telur, Keju, Susu)","-","2026-09-29T08:59:29.227","2026-09-29T08:59:29.227"
"49d45d11-b024-4c03-a82c-458216c22bbd",9,"SORE","Paket A","Telur Kukus","Disajikan dengan tempe bistik, sayur lodeh","Nasi Putih","-","Tempe Bistik","Telur Kukus","Sayur Lodeh","2026-09-29T08:59:29.227","2026-09-29T08:59:29.227"
"31c91ab6-c12b-4f37-9120-87cb3bd0b3de",9,"SORE","Paket B","Cumi Tahu Xiao","Cumi ditumis dengan tahu, ikan dengan saus xiao disajikan dengan nasi","Nasi Putih","Cumi, Ikan Saus Xiao","Tahu","-","-","2026-09-29T08:59:29.227","2026-09-29T08:59:29.227"
"9fcc3801-c8d4-4c4d-96be-3455b81bfe2f",9,"SORE","Paket C","Misoa Yamin Baso","Misoa dibaluri saus kecap dengan bakso dan ayam suwir","Misoa","Bakso, Ayam Suwir","-","-","-","2026-09-29T08:59:29.227","2026-09-29T08:59:29.227"
"757adc00-8bfb-4f49-87e0-7e13e26a0222",10,"PAGI","Paket A","Butter Rice + Beef Stroganoff","Daging sapi dibaluri dengan brown sauce dan jamur kancing disajikan dengan nasi","Butter Rice","Beef Stroganoff","-","-","Jamur Kancing","2026-09-29T08:59:29.362","2026-09-29T08:59:29.362"
"c87922a2-9f17-4a69-a6c7-91f42ab7cc74",10,"PAGI","Paket B","Tim Daging Cincang","Nasi tim dengan isian tumis daging cincang dan telur rebus disajikan dengan kuah kaldu","Nasi Tim","Daging Cincang","-","Telur Rebus","-","2026-09-29T08:59:29.362","2026-09-29T08:59:29.362"
"cf165713-789f-49f5-8d2a-7267442b8c64",10,"PAGI","Paket C","Bubur Sumsum","Bubur sumsum dengan kinca disajikan dengan telur rebus/telur orek","Bubur Sumsum","-","-","Telur Rebus / Telur Orek","-","2026-09-29T08:59:29.362","2026-09-29T08:59:29.362"
"0d4dc6fa-7d59-48f0-b95f-9b3f723c9bbf",10,"SIANG","Paket A","Ayam Garang Asem","Disajikan dengan sate tempe, tumis kimlo","Nasi Putih","Ayam Garang Asem","Sate Tempe","-","Tumis Kimlo","2026-09-29T08:59:29.362","2026-09-29T08:59:29.362"
"7f9563f7-495a-4d00-bb3a-a9a67e367e2c",10,"SIANG","Paket B","Chicken Schewan","Ayam fillet dibaluri saus schezwan disajikan dengan nasi dan sayuran","Nasi Putih","Chicken Fillet Schezwan","-","-","Mix Sayuran","2026-09-29T08:59:29.362","2026-09-29T08:59:29.362"
"b7a6d446-893a-412e-ae7d-32148a35cba4",10,"SIANG","Paket C","Misoa Kuah Baso","Misoa disajikan dengan bakso dan ayam suwir","Misoa","Bakso, Ayam Suwir","-","-","-","2026-09-29T08:59:29.362","2026-09-29T08:59:29.362"
"c85dc7e4-27fa-4f0b-aeb4-49b81e88c41d",10,"SORE","Paket A","Dori Krispi with SC","Disajikan dengan loaf tahu, sup bening bayam jagung manis","Nasi Putih","Ikan Dori Krispi","Loaf Tahu","-","Sup Bening Bayam, Jagung Manis","2026-09-29T08:59:29.362","2026-09-29T08:59:29.362"
"1a164f4b-ba35-47af-ae5d-1b31ff2dd56c",10,"SORE","Paket B","Pasta Pesto","Pasta dibaluri dengan bumbu pesto dan disajikan dengan ayam panggang","Pasta Pesto","Ayam Panggang","-","-","-","2026-09-29T08:59:29.362","2026-09-29T08:59:29.362"
"cdda56d2-b41f-422d-b8c7-1a8b66e0893c",10,"SORE","Paket C","Mashed Omelette","Telur dengan isian smoked beef, keju, susu yang disajikan dengan kentang mashed","Mashed Potato","Smoked Beef","-","Omelette (Telur, Keju, Susu)","-","2026-09-29T08:59:29.362","2026-09-29T08:59:29.362"
"658906d8-45b9-4344-82be-52dc0c9c792b",11,"PAGI","Paket A","Soto Ayam","Soto kuning dengan isian ayam, tauge, soun yang disajikan dengan nasi","Nasi Putih","Ayam Suwir","-","-","Tauge, Soun","2026-09-29T08:59:29.49","2026-09-29T08:59:29.49"
"ef8e71f1-1ef4-4162-b981-7869a7d6e1c1",11,"PAGI","Paket B","Bubur Sumsum","Bubur sumsum dengan kinca disajikan dengan telur rebus/telur orek","Bubur Sumsum","-","-","Telur Rebus / Telur Orek","-","2026-09-29T08:59:29.49","2026-09-29T08:59:29.49"
"6554b9cd-aa99-4080-b3f0-98aeab3ef0e6",11,"PAGI","Paket C","Oatmeal Banana Raisin","Bubur oatmeal disajikan dengan potongan pisang dan raisin","Oatmeal","-","-","-","-","2026-09-29T08:59:29.49","2026-09-29T08:59:29.49"
"f98c3c30-e133-4b0b-bc5f-1174ae9a3727",11,"PAGI","Paket D","Roti Oles + Telur Rebus","Roti panggang oles dengan telur orek/telur kukus","Roti Panggang","-","-","Telur Orek / Telur Kukus","-","2026-09-29T08:59:29.49","2026-09-29T08:59:29.49"
"d7054018-415d-4301-887f-855c96d1ed18",11,"SIANG","Paket A","Dori Bumbu Woku","Disajikan dengan tempe kemangi, capcay","Nasi Putih","Ikan Dori Bumbu Woku","Tempe Kemangi","-","Capcay","2026-09-29T08:59:29.49","2026-09-29T08:59:29.49"
"e8cab645-0d8a-49b6-838a-12353b4f1c04",11,"SIANG","Paket B","Mashed Omelette","Telur dengan isian smoked beef, keju, susu yang disajikan dengan kentang mashed","Mashed Potato","Smoked Beef","-","Omelette (Telur, Keju, Susu)","-","2026-09-29T08:59:29.49","2026-09-29T08:59:29.49"
"0ba665fc-f847-4586-9f37-e06081d76bcd",11,"SIANG","Paket C","Kebab","Kulit kebab dengan isian ayam fillet, mix veggie, mayonaisse","Kulit Kebab (Roti)","Ayam Fillet","-","-","Mix Veggie","2026-09-29T08:59:29.49","2026-09-29T08:59:29.49"
"a03f6c35-8bc8-4ed1-a97e-aadb13ccda9a",11,"SORE","Paket A","Ayam Cah Jamur Kancing","Disajikan dengan tahu bumbu kari (kuah), sup baso mutiara","Nasi Putih","Ayam Cah Jamur","Tahu Bumbu Kari","Baso Mutiara","Jamur Kancing","2026-09-29T08:59:29.49","2026-09-29T08:59:29.49"
"b42060c7-cd02-4612-a7c3-dad914786bc5",11,"SORE","Paket B","Shrimp Noodle Soup","Mie dengan isian udang dan sayuran","Mie","Udang","-","-","Mix Sayuran","2026-09-29T08:59:29.49","2026-09-29T08:59:29.49"
"082a5bb5-f150-4418-b3b7-dff784b00841",11,"SORE","Paket C","Misoa Yamin Baso","Misoa dibaluri saus kecap dengan bakso dan ayam suwir","Misoa","Bakso, Ayam Suwir","-","-","-","2026-09-29T08:59:29.49","2026-09-29T08:59:29.49"